first_name,last_name,created_at,updated_at
Diane,Abbott,2026-08-25 13:00:00,2026-08-25 13:00:00
Jack,Abbott,2026-08-25 13:00:00,2026-08-25 13:00:00
Debbie,Abrahams,2026-08-25 13:00:00,2026-08-25 13:00:00
Shockat,Adam,2026-08-25 13:00:00,2026-08-25 13:00:00
Zubir,Ahmed,2026-08-25 13:00:00,2026-08-25 13:00:00
Luke,Akehurst,2026-08-25 13:00:00,2026-08-25 13:00:00
Sadik,Al-Hassan,2026-08-25 13:00:00,2026-08-25 13:00:00
Bayo,Alaba,2026-08-25 13:00:00,2026-08-25 13:00:00
Dan,Aldridge,2026-08-25 13:00:00,2026-08-25 13:00:00
Douglas,Alexander,2026-08-25 13:00:00,2026-08-25 13:00:00
Heidi,Alexander,2026-08-25 13:00:00,2026-08-25 13:00:00
Rushanara,Ali,2026-08-25 13:00:00,2026-08-25 13:00:00
Tahir,Ali,2026-08-25 13:00:00,2026-08-25 13:00:00
Rosena,Allin-Khan,2026-08-25 13:00:00,2026-08-25 13:00:00
Jim,Allister,2026-08-25 13:00:00,2026-08-25 13:00:00
Gideon,Amos,2026-08-25 13:00:00,2026-08-25 13:00:00
Callum,Anderson,2026-08-25 13:00:00,2026-08-25 13:00:00
Fleur,Anderson,2026-08-25 13:00:00,2026-08-25 13:00:00
Lee,Anderson,2026-08-25 13:00:00,2026-08-25 13:00:00
Stuart,Anderson,2026-08-25 13:00:00,2026-08-25 13:00:00
Stuart,Andrew,2026-08-25 13:00:00,2026-08-25 13:00:00
Tonia,Antoniazzi,2026-08-25 13:00:00,2026-08-25 13:00:00
Steffan,Aquarone,2026-08-25 13:00:00,2026-08-25 13:00:00
Edward,Argar,2026-08-25 13:00:00,2026-08-25 13:00:00
Scott,Arthur,2026-08-25 13:00:00,2026-08-25 13:00:00
Jessica,Asato,2026-08-25 13:00:00,2026-08-25 13:00:00
James,Asser,2026-08-25 13:00:00,2026-08-25 13:00:00
Jas,Athwal,2026-08-25 13:00:00,2026-08-25 13:00:00
Victoria,Atkins,2026-08-25 13:00:00,2026-08-25 13:00:00
Catherine,Atkinson,2026-08-25 13:00:00,2026-08-25 13:00:00
Lewis,Atkinson,2026-08-25 13:00:00,2026-08-25 13:00:00
Josh,Babarinde,2026-08-25 13:00:00,2026-08-25 13:00:00
Gareth,Bacon,2026-08-25 13:00:00,2026-08-25 13:00:00
Kemi,Badenoch,2026-08-25 13:00:00,2026-08-25 13:00:00
Calvin,Bailey,2026-08-25 13:00:00,2026-08-25 13:00:00
Olivia,Bailey,2026-08-25 13:00:00,2026-08-25 13:00:00
David,Baines,2026-08-25 13:00:00,2026-08-25 13:00:00
Alex,Baker,2026-08-25 13:00:00,2026-08-25 13:00:00
Richard,Baker,2026-08-25 13:00:00,2026-08-25 13:00:00
Harriett,Baldwin,2026-08-25 13:00:00,2026-08-25 13:00:00
Alex,Ballinger,2026-08-25 13:00:00,2026-08-25 13:00:00
Antonia,Bance,2026-08-25 13:00:00,2026-08-25 13:00:00
Steve,Barclay,2026-08-25 13:00:00,2026-08-25 13:00:00
Paula,Barker,2026-08-25 13:00:00,2026-08-25 13:00:00
Lee,Barron,2026-08-25 13:00:00,2026-08-25 13:00:00
Alex,Barros-Curtis,2026-08-25 13:00:00,2026-08-25 13:00:00
Johanna,Baxter,2026-08-25 13:00:00,2026-08-25 13:00:00
Danny,Beales,2026-08-25 13:00:00,2026-08-25 13:00:00
Lorraine,Beavers,2026-08-25 13:00:00,2026-08-25 13:00:00
Peter,Bedford,2026-08-25 13:00:00,2026-08-25 13:00:00
Órfhlaith,Begley,2026-08-25 13:00:00,2026-08-25 13:00:00
Apsana,Begum,2026-08-25 13:00:00,2026-08-25 13:00:00
Torsten,Bell,2026-08-25 13:00:00,2026-08-25 13:00:00
Hilary,Benn,2026-08-25 13:00:00,2026-08-25 13:00:00
Alison,Bennett,2026-08-25 13:00:00,2026-08-25 13:00:00
Siân,Berry,2026-08-25 13:00:00,2026-08-25 13:00:00
Clive,Betts,2026-08-25 13:00:00,2026-08-25 13:00:00
Saqib,Bhatti,2026-08-25 13:00:00,2026-08-25 13:00:00
Polly,Billington,2026-08-25 13:00:00,2026-08-25 13:00:00
Lara,Bird,2026-08-25 13:00:00,2026-08-25 13:00:00
Matt,Bishop,2026-08-25 13:00:00,2026-08-25 13:00:00
Bob,Blackman,2026-08-25 13:00:00,2026-08-25 13:00:00
Kirsty,Blackman,2026-08-25 13:00:00,2026-08-25 13:00:00
Olivia,Blake,2026-08-25 13:00:00,2026-08-25 13:00:00
Rachel,Blake,2026-08-25 13:00:00,2026-08-25 13:00:00
Christopher,Bloore,2026-08-25 13:00:00,2026-08-25 13:00:00
Elsie,Blundell,2026-08-25 13:00:00,2026-08-25 13:00:00
Kevin,Bonavia,2026-08-25 13:00:00,2026-08-25 13:00:00
Sarah,Bool,2026-08-25 13:00:00,2026-08-25 13:00:00
Jade,Botterill,2026-08-25 13:00:00,2026-08-25 13:00:00
Andrew,Bowie,2026-08-25 13:00:00,2026-08-25 13:00:00
Sureena,Brackenridge,2026-08-25 13:00:00,2026-08-25 13:00:00
Karen,Bradley,2026-08-25 13:00:00,2026-08-25 13:00:00
Aphra,Brandreth,2026-08-25 13:00:00,2026-08-25 13:00:00
Jonathan,Brash,2026-08-25 13:00:00,2026-08-25 13:00:00
Suella,Braverman,2026-08-25 13:00:00,2026-08-25 13:00:00
Alex,Brewer,2026-08-25 13:00:00,2026-08-25 13:00:00
Phil,Brickell,2026-08-25 13:00:00,2026-08-25 13:00:00
Jessica,Brown-Fuller,2026-08-25 13:00:00,2026-08-25 13:00:00
Chris,Bryant,2026-08-25 13:00:00,2026-08-25 13:00:00
Julia,Buckley,2026-08-25 13:00:00,2026-08-25 13:00:00
Alex,Burghart,2026-08-25 13:00:00,2026-08-25 13:00:00
Richard,Burgon,2026-08-25 13:00:00,2026-08-25 13:00:00
Maureen,Burke,2026-08-25 13:00:00,2026-08-25 13:00:00
Andy,Burnham,2026-08-25 13:00:00,2026-08-25 13:00:00
David,Burton-Sampson,2026-08-25 13:00:00,2026-08-25 13:00:00
Dawn,Butler,2026-08-25 13:00:00,2026-08-25 13:00:00
Ian,Byrne,2026-08-25 13:00:00,2026-08-25 13:00:00
Liam,Byrne,2026-08-25 13:00:00,2026-08-25 13:00:00
Ruth,Cadbury,2026-08-25 13:00:00,2026-08-25 13:00:00
Nesil,Caliskan,2026-08-25 13:00:00,2026-08-25 13:00:00
Alan,Campbell,2026-08-25 13:00:00,2026-08-25 13:00:00
Gregory,Campbell,2026-08-25 13:00:00,2026-08-25 13:00:00
Irene,Campbell,2026-08-25 13:00:00,2026-08-25 13:00:00
Juliet,Campbell,2026-08-25 13:00:00,2026-08-25 13:00:00
Markus,Campbell-Savours,2026-08-25 13:00:00,2026-08-25 13:00:00
Charlotte,Cane,2026-08-25 13:00:00,2026-08-25 13:00:00
Dan,Carden,2026-08-25 13:00:00,2026-08-25 13:00:00
Sam,Carling,2026-08-25 13:00:00,2026-08-25 13:00:00
Alistair,Carmichael,2026-08-25 13:00:00,2026-08-25 13:00:00
Alistair,Carns,2026-08-25 13:00:00,2026-08-25 13:00:00
James,Cartlidge,2026-08-25 13:00:00,2026-08-25 13:00:00
David,Chadwick,2026-08-25 13:00:00,2026-08-25 13:00:00
Wendy,Chamberlain,2026-08-25 13:00:00,2026-08-25 13:00:00
Danny,Chambers,2026-08-25 13:00:00,2026-08-25 13:00:00
Sarah,Champion,2026-08-25 13:00:00,2026-08-25 13:00:00
Bambos,Charalambous,2026-08-25 13:00:00,2026-08-25 13:00:00
Luke,Charters,2026-08-25 13:00:00,2026-08-25 13:00:00
Christopher,Chope,2026-08-25 13:00:00,2026-08-25 13:00:00
Ellie,Chowns,2026-08-25 13:00:00,2026-08-25 13:00:00
Feryal,Clark,2026-08-25 13:00:00,2026-08-25 13:00:00
James,Cleverly,2026-08-25 13:00:00,2026-08-25 13:00:00
Geoffrey,Clifton-Brown,2026-08-25 13:00:00,2026-08-25 13:00:00
Lewis,Cocking,2026-08-25 13:00:00,2026-08-25 13:00:00
Chris,Coghlan,2026-08-25 13:00:00,2026-08-25 13:00:00
Ben,Coleman,2026-08-25 13:00:00,2026-08-25 13:00:00
Jacob,Collier,2026-08-25 13:00:00,2026-08-25 13:00:00
Lizzi,Collinge,2026-08-25 13:00:00,2026-08-25 13:00:00
Tom,Collins,2026-08-25 13:00:00,2026-08-25 13:00:00
Victoria,Collins,2026-08-25 13:00:00,2026-08-25 13:00:00
Liam,Conlon,2026-08-25 13:00:00,2026-08-25 13:00:00
Sarah,Coombes,2026-08-25 13:00:00,2026-08-25 13:00:00
Andrew,Cooper,2026-08-25 13:00:00,2026-08-25 13:00:00
Beccy,Cooper,2026-08-25 13:00:00,2026-08-25 13:00:00
Daisy,Cooper,2026-08-25 13:00:00,2026-08-25 13:00:00
John,Cooper,2026-08-25 13:00:00,2026-08-25 13:00:00
Yvette,Cooper,2026-08-25 13:00:00,2026-08-25 13:00:00
Jeremy,Corbyn,2026-08-25 13:00:00,2026-08-25 13:00:00
Alberto,Costa,2026-08-25 13:00:00,2026-08-25 13:00:00
Deirdre,Costigan,2026-08-25 13:00:00,2026-08-25 13:00:00
Claire,Coutinho,2026-08-25 13:00:00,2026-08-25 13:00:00
Geoffrey,Cox,2026-08-25 13:00:00,2026-08-25 13:00:00
Pam,Cox,2026-08-25 13:00:00,2026-08-25 13:00:00
Neil,Coyle,2026-08-25 13:00:00,2026-08-25 13:00:00
Jennifer,Craft,2026-08-25 13:00:00,2026-08-25 13:00:00
Mary,Creagh,2026-08-25 13:00:00,2026-08-25 13:00:00
Stella,Creasy,2026-08-25 13:00:00,2026-08-25 13:00:00
Torcuil,Crichton,2026-08-25 13:00:00,2026-08-25 13:00:00
Harriet,Cross,2026-08-25 13:00:00,2026-08-25 13:00:00
Pat,Cullen,2026-08-25 13:00:00,2026-08-25 13:00:00
Judith,Cummins,2026-08-25 13:00:00,2026-08-25 13:00:00
Chris,Curtis,2026-08-25 13:00:00,2026-08-25 13:00:00
Janet,Daby,2026-08-25 13:00:00,2026-08-25 13:00:00
Nicholas,Dakin,2026-08-25 13:00:00,2026-08-25 13:00:00
Ashley,Dalton,2026-08-25 13:00:00,2026-08-25 13:00:00
Adam,Dance,2026-08-25 13:00:00,2026-08-25 13:00:00
Steve,Darling,2026-08-25 13:00:00,2026-08-25 13:00:00
Emily,Darlington,2026-08-25 13:00:00,2026-08-25 13:00:00
Edward,Davey,2026-08-25 13:00:00,2026-08-25 13:00:00
Ann,Davies,2026-08-25 13:00:00,2026-08-25 13:00:00
Gareth,Davies,2026-08-25 13:00:00,2026-08-25 13:00:00
Jonathan,Davies,2026-08-25 13:00:00,2026-08-25 13:00:00
Mims,Davies,2026-08-25 13:00:00,2026-08-25 13:00:00
Paul,Davies,2026-08-25 13:00:00,2026-08-25 13:00:00
Shaun,Davies,2026-08-25 13:00:00,2026-08-25 13:00:00
Alex,Davies-Jones,2026-08-25 13:00:00,2026-08-25 13:00:00
David,Davis,2026-08-25 13:00:00,2026-08-25 13:00:00
Marsha,de Cordova,2026-08-25 13:00:00,2026-08-25 13:00:00
Bobby,Dean,2026-08-25 13:00:00,2026-08-25 13:00:00
Josh,Dean,2026-08-25 13:00:00,2026-08-25 13:00:00
Kate,Dearden,2026-08-25 13:00:00,2026-08-25 13:00:00
Carla,Denyer,2026-08-25 13:00:00,2026-08-25 13:00:00
Charlie,Dewhirst,2026-08-25 13:00:00,2026-08-25 13:00:00
Tan,Dhesi,2026-08-25 13:00:00,2026-08-25 13:00:00
Jim,Dickson,2026-08-25 13:00:00,2026-08-25 13:00:00
Lee,Dillon,2026-08-25 13:00:00,2026-08-25 13:00:00
Caroline,Dinenage,2026-08-25 13:00:00,2026-08-25 13:00:00
Anna,Dixon,2026-08-25 13:00:00,2026-08-25 13:00:00
Samantha,Dixon,2026-08-25 13:00:00,2026-08-25 13:00:00
Anneliese,Dodds,2026-08-25 13:00:00,2026-08-25 13:00:00
Helena,Dollimore,2026-08-25 13:00:00,2026-08-25 13:00:00
Dave,Doogan,2026-08-25 13:00:00,2026-08-25 13:00:00
Stephen,Doughty,2026-08-25 13:00:00,2026-08-25 13:00:00
Peter,Dowd,2026-08-25 13:00:00,2026-08-25 13:00:00
Oliver,Dowden,2026-08-25 13:00:00,2026-08-25 13:00:00
Graeme,Downie,2026-08-25 13:00:00,2026-08-25 13:00:00
Rosie,Duffield,2026-08-25 13:00:00,2026-08-25 13:00:00
Iain,Duncan Smith,2026-08-25 13:00:00,2026-08-25 13:00:00
Neil,Duncan-Jordan,2026-08-25 13:00:00,2026-08-25 13:00:00
Sarah,Dyke,2026-08-25 13:00:00,2026-08-25 13:00:00
Angela,Eagle,2026-08-25 13:00:00,2026-08-25 13:00:00
Maria,Eagle,2026-08-25 13:00:00,2026-08-25 13:00:00
Alex,Easton,2026-08-25 13:00:00,2026-08-25 13:00:00
Colum,Eastwood,2026-08-25 13:00:00,2026-08-25 13:00:00
Sorcha,Eastwood,2026-08-25 13:00:00,2026-08-25 13:00:00
Cat,Eccles,2026-08-25 13:00:00,2026-08-25 13:00:00
Lauren,Edwards,2026-08-25 13:00:00,2026-08-25 13:00:00
Sarah,Edwards,2026-08-25 13:00:00,2026-08-25 13:00:00
Clive,Efford,2026-08-25 13:00:00,2026-08-25 13:00:00
Damien,Egan,2026-08-25 13:00:00,2026-08-25 13:00:00
Maya,Ellis,2026-08-25 13:00:00,2026-08-25 13:00:00
Chris,Elmore,2026-08-25 13:00:00,2026-08-25 13:00:00
Kirith,Entwistle,2026-08-25 13:00:00,2026-08-25 13:00:00
Florence,Eshalomi,2026-08-25 13:00:00,2026-08-25 13:00:00
Bill,Esterson,2026-08-25 13:00:00,2026-08-25 13:00:00
Chris,Evans,2026-08-25 13:00:00,2026-08-25 13:00:00
Luke,Evans,2026-08-25 13:00:00,2026-08-25 13:00:00
Miatta,Fahnbulleh,2026-08-25 13:00:00,2026-08-25 13:00:00
Hamish,Falconer,2026-08-25 13:00:00,2026-08-25 13:00:00
Nigel,Farage,2026-08-25 13:00:00,2026-08-25 13:00:00
Linsey,Farnsworth,2026-08-25 13:00:00,2026-08-25 13:00:00
Tim,Farron,2026-08-25 13:00:00,2026-08-25 13:00:00
Josh,Fenton-Glynn,2026-08-25 13:00:00,2026-08-25 13:00:00
Mark,Ferguson,2026-08-25 13:00:00,2026-08-25 13:00:00
Patricia,Ferguson,2026-08-25 13:00:00,2026-08-25 13:00:00
John,Finucane,2026-08-25 13:00:00,2026-08-25 13:00:00
Natalie,Fleet,2026-08-25 13:00:00,2026-08-25 13:00:00
Emma,Foody,2026-08-25 13:00:00,2026-08-25 13:00:00
Catherine,Fookes,2026-08-25 13:00:00,2026-08-25 13:00:00
Richard,Foord,2026-08-25 13:00:00,2026-08-25 13:00:00
Will,Forster,2026-08-25 13:00:00,2026-08-25 13:00:00
Peter,Fortune,2026-08-25 13:00:00,2026-08-25 13:00:00
Paul,Foster,2026-08-25 13:00:00,2026-08-25 13:00:00
Ashley,Fox,2026-08-25 13:00:00,2026-08-25 13:00:00
Vicky,Foxcroft,2026-08-25 13:00:00,2026-08-25 13:00:00
Mary,Foy,2026-08-25 13:00:00,2026-08-25 13:00:00
Daniel,Francis,2026-08-25 13:00:00,2026-08-25 13:00:00
Mark,Francois,2026-08-25 13:00:00,2026-08-25 13:00:00
Zöe,Franklin,2026-08-25 13:00:00,2026-08-25 13:00:00
George,Freeman,2026-08-25 13:00:00,2026-08-25 13:00:00
Louie,French,2026-08-25 13:00:00,2026-08-25 13:00:00
James,Frith,2026-08-25 13:00:00,2026-08-25 13:00:00
Richard,Fuller,2026-08-25 13:00:00,2026-08-25 13:00:00
Gill,Furniss,2026-08-25 13:00:00,2026-08-25 13:00:00
Roger,Gale,2026-08-25 13:00:00,2026-08-25 13:00:00
Barry,Gardiner,2026-08-25 13:00:00,2026-08-25 13:00:00
Allison,Gardner,2026-08-25 13:00:00,2026-08-25 13:00:00
Mark,Garnier,2026-08-25 13:00:00,2026-08-25 13:00:00
Anna,Gelderd,2026-08-25 13:00:00,2026-08-25 13:00:00
Alan,Gemmell,2026-08-25 13:00:00,2026-08-25 13:00:00
Andrew,George,2026-08-25 13:00:00,2026-08-25 13:00:00
Gill,German,2026-08-25 13:00:00,2026-08-25 13:00:00
Nusrat,Ghani,2026-08-25 13:00:00,2026-08-25 13:00:00
Sarah,Gibson,2026-08-25 13:00:00,2026-08-25 13:00:00
Tracy,Gilbert,2026-08-25 13:00:00,2026-08-25 13:00:00
Preet Kaur,Gill,2026-08-25 13:00:00,2026-08-25 13:00:00
Rachel,Gilmour,2026-08-25 13:00:00,2026-08-25 13:00:00
Becky,Gittins,2026-08-25 13:00:00,2026-08-25 13:00:00
John,Glen,2026-08-25 13:00:00,2026-08-25 13:00:00
Mary,Glindon,2026-08-25 13:00:00,2026-08-25 13:00:00
Olly,Glover,2026-08-25 13:00:00,2026-08-25 13:00:00
Marie,Goldman,2026-08-25 13:00:00,2026-08-25 13:00:00
Ben,Goldsborough,2026-08-25 13:00:00,2026-08-25 13:00:00
Tom,Gordon,2026-08-25 13:00:00,2026-08-25 13:00:00
Jodie,Gosling,2026-08-25 13:00:00,2026-08-25 13:00:00
Georgia,Gould,2026-08-25 13:00:00,2026-08-25 13:00:00
John,Grady,2026-08-25 13:00:00,2026-08-25 13:00:00
Helen,Grant,2026-08-25 13:00:00,2026-08-25 13:00:00
Sarah,Green,2026-08-25 13:00:00,2026-08-25 13:00:00
Lilian,Greenwood,2026-08-25 13:00:00,2026-08-25 13:00:00
Andrew,Griffith,2026-08-25 13:00:00,2026-08-25 13:00:00
Nia,Griffith,2026-08-25 13:00:00,2026-08-25 13:00:00
Alison,Griffiths,2026-08-25 13:00:00,2026-08-25 13:00:00
Amanda,Hack,2026-08-25 13:00:00,2026-08-25 13:00:00
Louise,Haigh,2026-08-25 13:00:00,2026-08-25 13:00:00
Sarah,Hall,2026-08-25 13:00:00,2026-08-25 13:00:00
Fabian,Hamilton,2026-08-25 13:00:00,2026-08-25 13:00:00
Paulette,Hamilton,2026-08-25 13:00:00,2026-08-25 13:00:00
Claire,Hanna,2026-08-25 13:00:00,2026-08-25 13:00:00
Monica,Harding,2026-08-25 13:00:00,2026-08-25 13:00:00
Emma,Hardy,2026-08-25 13:00:00,2026-08-25 13:00:00
Carolyn,Harris,2026-08-25 13:00:00,2026-08-25 13:00:00
Rebecca,Harris,2026-08-25 13:00:00,2026-08-25 13:00:00
Lloyd,Hatton,2026-08-25 13:00:00,2026-08-25 13:00:00
Helen,Hayes,2026-08-25 13:00:00,2026-08-25 13:00:00
John,Hayes,2026-08-25 13:00:00,2026-08-25 13:00:00
Tom,Hayes,2026-08-25 13:00:00,2026-08-25 13:00:00
Claire,Hazelgrove,2026-08-25 13:00:00,2026-08-25 13:00:00
Christopher,Hazzard,2026-08-25 13:00:00,2026-08-25 13:00:00
John,Healey,2026-08-25 13:00:00,2026-08-25 13:00:00
Mark,Hendrick,2026-08-25 13:00:00,2026-08-25 13:00:00
Pippa,Heylings,2026-08-25 13:00:00,2026-08-25 13:00:00
Meg,Hillier,2026-08-25 13:00:00,2026-08-25 13:00:00
Chris,Hinchliff,2026-08-25 13:00:00,2026-08-25 13:00:00
Jonathan,Hinder,2026-08-25 13:00:00,2026-08-25 13:00:00
Damian,Hinds,2026-08-25 13:00:00,2026-08-25 13:00:00
Simon,Hoare,2026-08-25 13:00:00,2026-08-25 13:00:00
Wera,Hobhouse,2026-08-25 13:00:00,2026-08-25 13:00:00
Sharon,Hodgson,2026-08-25 13:00:00,2026-08-25 13:00:00
Richard,Holden,2026-08-25 13:00:00,2026-08-25 13:00:00
Kevin,Hollinrake,2026-08-25 13:00:00,2026-08-25 13:00:00
Paul,Holmes,2026-08-25 13:00:00,2026-08-25 13:00:00
Rachel,Hopkins,2026-08-25 13:00:00,2026-08-25 13:00:00
Lindsay,Hoyle,2026-08-25 13:00:00,2026-08-25 13:00:00
Nigel,Huddleston,2026-08-25 13:00:00,2026-08-25 13:00:00
Neil,Hudson,2026-08-25 13:00:00,2026-08-25 13:00:00
Claire,Hughes,2026-08-25 13:00:00,2026-08-25 13:00:00
Dáire,Hughes,2026-08-25 13:00:00,2026-08-25 13:00:00
Alison,Hume,2026-08-25 13:00:00,2026-08-25 13:00:00
Jeremy,Hunt,2026-08-25 13:00:00,2026-08-25 13:00:00
Rupa,Huq,2026-08-25 13:00:00,2026-08-25 13:00:00
Patrick,Hurley,2026-08-25 13:00:00,2026-08-25 13:00:00
Adnan,Hussain,2026-08-25 13:00:00,2026-08-25 13:00:00
Imran,Hussain,2026-08-25 13:00:00,2026-08-25 13:00:00
Leigh,Ingham,2026-08-25 13:00:00,2026-08-25 13:00:00
Natasha,Irons,2026-08-25 13:00:00,2026-08-25 13:00:00
Sally,Jameson,2026-08-25 13:00:00,2026-08-25 13:00:00
Christine,Jardine,2026-08-25 13:00:00,2026-08-25 13:00:00
Dan,Jarvis,2026-08-25 13:00:00,2026-08-25 13:00:00
Liz,Jarvis,2026-08-25 13:00:00,2026-08-25 13:00:00
Bernard,Jenkin,2026-08-25 13:00:00,2026-08-25 13:00:00
Robert,Jenrick,2026-08-25 13:00:00,2026-08-25 13:00:00
Terry,Jermy,2026-08-25 13:00:00,2026-08-25 13:00:00
Adam,Jogee,2026-08-25 13:00:00,2026-08-25 13:00:00
Caroline,Johnson,2026-08-25 13:00:00,2026-08-25 13:00:00
Diana R.,Johnson,2026-08-25 13:00:00,2026-08-25 13:00:00
Kim,Johnson,2026-08-25 13:00:00,2026-08-25 13:00:00
Clive,Jones,2026-08-25 13:00:00,2026-08-25 13:00:00
Darren,Jones,2026-08-25 13:00:00,2026-08-25 13:00:00
Gerald,Jones,2026-08-25 13:00:00,2026-08-25 13:00:00
Lillian,Jones,2026-08-25 13:00:00,2026-08-25 13:00:00
Louise,Jones,2026-08-25 13:00:00,2026-08-25 13:00:00
Ruth,Jones,2026-08-25 13:00:00,2026-08-25 13:00:00
Sarah,Jones,2026-08-25 13:00:00,2026-08-25 13:00:00
Lincoln,Jopp,2026-08-25 13:00:00,2026-08-25 13:00:00
Gurinder,Josan,2026-08-25 13:00:00,2026-08-25 13:00:00
Sojan,Joseph,2026-08-25 13:00:00,2026-08-25 13:00:00
Warinder,Juss,2026-08-25 13:00:00,2026-08-25 13:00:00
Chris,Kane,2026-08-25 13:00:00,2026-08-25 13:00:00
Mike,Kane,2026-08-25 13:00:00,2026-08-25 13:00:00
Satvir,Kaur,2026-08-25 13:00:00,2026-08-25 13:00:00
Alicia,Kearns,2026-08-25 13:00:00,2026-08-25 13:00:00
Liz,Kendall,2026-08-25 13:00:00,2026-08-25 13:00:00
Afzal,Khan,2026-08-25 13:00:00,2026-08-25 13:00:00
Ayoub,Khan,2026-08-25 13:00:00,2026-08-25 13:00:00
Naushabah,Khan,2026-08-25 13:00:00,2026-08-25 13:00:00
Stephen,Kinnock,2026-08-25 13:00:00,2026-08-25 13:00:00
Jayne,Kirkham,2026-08-25 13:00:00,2026-08-25 13:00:00
Gen,Kitchen,2026-08-25 13:00:00,2026-08-25 13:00:00
Paul,Kohler,2026-08-25 13:00:00,2026-08-25 13:00:00
Danny,Kruger,2026-08-25 13:00:00,2026-08-25 13:00:00
Sonia,Kumar,2026-08-25 13:00:00,2026-08-25 13:00:00
Uma,Kumaran,2026-08-25 13:00:00,2026-08-25 13:00:00
Peter,Kyle,2026-08-25 13:00:00,2026-08-25 13:00:00
Laura,Kyrke-Smith,2026-08-25 13:00:00,2026-08-25 13:00:00
Ben,Lake,2026-08-25 13:00:00,2026-08-25 13:00:00
Katie,Lam,2026-08-25 13:00:00,2026-08-25 13:00:00
Peter,Lamb,2026-08-25 13:00:00,2026-08-25 13:00:00
David,Lammy,2026-08-25 13:00:00,2026-08-25 13:00:00
John,Lamont,2026-08-25 13:00:00,2026-08-25 13:00:00
Ian,Lavery,2026-08-25 13:00:00,2026-08-25 13:00:00
Chris,Law,2026-08-25 13:00:00,2026-08-25 13:00:00
Noah,Law,2026-08-25 13:00:00,2026-08-25 13:00:00
Kim,Leadbeater,2026-08-25 13:00:00,2026-08-25 13:00:00
Graham,Leadbitter,2026-08-25 13:00:00,2026-08-25 13:00:00
Edward,Leigh,2026-08-25 13:00:00,2026-08-25 13:00:00
Brian,Leishman,2026-08-25 13:00:00,2026-08-25 13:00:00
Emma,Lewell,2026-08-25 13:00:00,2026-08-25 13:00:00
Andrew,Lewin,2026-08-25 13:00:00,2026-08-25 13:00:00
Clive,Lewis,2026-08-25 13:00:00,2026-08-25 13:00:00
Julian,Lewis,2026-08-25 13:00:00,2026-08-25 13:00:00
Simon,Lightwood,2026-08-25 13:00:00,2026-08-25 13:00:00
Carla,Lockhart,2026-08-25 13:00:00,2026-08-25 13:00:00
Seamus,Logan,2026-08-25 13:00:00,2026-08-25 13:00:00
Rebecca,Long-Bailey,2026-08-25 13:00:00,2026-08-25 13:00:00
Julia,Lopez,2026-08-25 13:00:00,2026-08-25 13:00:00
Rupert,Lowe,2026-08-25 13:00:00,2026-08-25 13:00:00
Douglas,Lumsden,2026-08-25 13:00:00,2026-08-25 13:00:00
Josh,MacAlister,2026-08-25 13:00:00,2026-08-25 13:00:00
James,MacCleary,2026-08-25 13:00:00,2026-08-25 13:00:00
Alice,Macdonald,2026-08-25 13:00:00,2026-08-25 13:00:00
Angus,MacDonald,2026-08-25 13:00:00,2026-08-25 13:00:00
Andy,MacNae,2026-08-25 13:00:00,2026-08-25 13:00:00
Justin,Madders,2026-08-25 13:00:00,2026-08-25 13:00:00
Ben,Maguire,2026-08-25 13:00:00,2026-08-25 13:00:00
Helen,Maguire,2026-08-25 13:00:00,2026-08-25 13:00:00
Shabana,Mahmood,2026-08-25 13:00:00,2026-08-25 13:00:00
Alan,Mak,2026-08-25 13:00:00,2026-08-25 13:00:00
Seema,Malhotra,2026-08-25 13:00:00,2026-08-25 13:00:00
Cathal,Mallaghan,2026-08-25 13:00:00,2026-08-25 13:00:00
Kit,Malthouse,2026-08-25 13:00:00,2026-08-25 13:00:00
Amanda,Martin,2026-08-25 13:00:00,2026-08-25 13:00:00
Mike,Martin,2026-08-25 13:00:00,2026-08-25 13:00:00
Rachael,Maskell,2026-08-25 13:00:00,2026-08-25 13:00:00
Paul,Maskey,2026-08-25 13:00:00,2026-08-25 13:00:00
Keir,Mather,2026-08-25 13:00:00,2026-08-25 13:00:00
Brian,Mathew,2026-08-25 13:00:00,2026-08-25 13:00:00
Alex,Mayer,2026-08-25 13:00:00,2026-08-25 13:00:00
Jerome,Mayhew,2026-08-25 13:00:00,2026-08-25 13:00:00
Charlie,Maynard,2026-08-25 13:00:00,2026-08-25 13:00:00
Douglas,McAllister,2026-08-25 13:00:00,2026-08-25 13:00:00
Kerry,McCarthy,2026-08-25 13:00:00,2026-08-25 13:00:00
Martin,McCluskey,2026-08-25 13:00:00,2026-08-25 13:00:00
Siobhain,McDonagh,2026-08-25 13:00:00,2026-08-25 13:00:00
Andy,McDonald,2026-08-25 13:00:00,2026-08-25 13:00:00
Chris,McDonald,2026-08-25 13:00:00,2026-08-25 13:00:00
John Martin,McDonnell,2026-08-25 13:00:00,2026-08-25 13:00:00
Blair,McDougall,2026-08-25 13:00:00,2026-08-25 13:00:00
Lola,McEvoy,2026-08-25 13:00:00,2026-08-25 13:00:00
Pat,McFadden,2026-08-25 13:00:00,2026-08-25 13:00:00
Alison,McGovern,2026-08-25 13:00:00,2026-08-25 13:00:00
Alex,McIntyre,2026-08-25 13:00:00,2026-08-25 13:00:00
Gordon,McKee,2026-08-25 13:00:00,2026-08-25 13:00:00
Kevin,McKenna,2026-08-25 13:00:00,2026-08-25 13:00:00
Catherine,McKinnell,2026-08-25 13:00:00,2026-08-25 13:00:00
Jim,McMahon,2026-08-25 13:00:00,2026-08-25 13:00:00
Anna,McMorrin,2026-08-25 13:00:00,2026-08-25 13:00:00
James,McMurdock,2026-08-25 13:00:00,2026-08-25 13:00:00
Frank,McNally,2026-08-25 13:00:00,2026-08-25 13:00:00
Kirsty,McNeill,2026-08-25 13:00:00,2026-08-25 13:00:00
Esther,McVey,2026-08-25 13:00:00,2026-08-25 13:00:00
Llinos,Medi,2026-08-25 13:00:00,2026-08-25 13:00:00
Anneliese,Midgley,2026-08-25 13:00:00,2026-08-25 13:00:00
Ed,Miliband,2026-08-25 13:00:00,2026-08-25 13:00:00
Calum,Miller,2026-08-25 13:00:00,2026-08-25 13:00:00
John,Milne,2026-08-25 13:00:00,2026-08-25 13:00:00
Julie,Minns,2026-08-25 13:00:00,2026-08-25 13:00:00
Navendu,Mishra,2026-08-25 13:00:00,2026-08-25 13:00:00
Andrew,Mitchell,2026-08-25 13:00:00,2026-08-25 13:00:00
Abtisam,Mohamed,2026-08-25 13:00:00,2026-08-25 13:00:00
Iqbal,Mohamed,2026-08-25 13:00:00,2026-08-25 13:00:00
Gagan,Mohindra,2026-08-25 13:00:00,2026-08-25 13:00:00
Perran,Moon,2026-08-25 13:00:00,2026-08-25 13:00:00
Robbie,Moore,2026-08-25 13:00:00,2026-08-25 13:00:00
Layla,Moran,2026-08-25 13:00:00,2026-08-25 13:00:00
Jessica,Morden,2026-08-25 13:00:00,2026-08-25 13:00:00
Edward,Morello,2026-08-25 13:00:00,2026-08-25 13:00:00
Helen,Morgan,2026-08-25 13:00:00,2026-08-25 13:00:00
Stephen,Morgan,2026-08-25 13:00:00,2026-08-25 13:00:00
Grahame,Morris,2026-08-25 13:00:00,2026-08-25 13:00:00
Joe,Morris,2026-08-25 13:00:00,2026-08-25 13:00:00
Tom,Morrison,2026-08-25 13:00:00,2026-08-25 13:00:00
Joy,Morrissey,2026-08-25 13:00:00,2026-08-25 13:00:00
Wendy,Morton,2026-08-25 13:00:00,2026-08-25 13:00:00
Kieran,Mullan,2026-08-25 13:00:00,2026-08-25 13:00:00
Margaret,Mullane,2026-08-25 13:00:00,2026-08-25 13:00:00
David,Mundell,2026-08-25 13:00:00,2026-08-25 13:00:00
Tessa,Munt,2026-08-25 13:00:00,2026-08-25 13:00:00
Luke,Murphy,2026-08-25 13:00:00,2026-08-25 13:00:00
Chris,Murray,2026-08-25 13:00:00,2026-08-25 13:00:00
Ian,Murray,2026-08-25 13:00:00,2026-08-25 13:00:00
James,Murray,2026-08-25 13:00:00,2026-08-25 13:00:00
Katrina,Murray,2026-08-25 13:00:00,2026-08-25 13:00:00
Susan,Murray,2026-08-25 13:00:00,2026-08-25 13:00:00
Andrew,Murrison,2026-08-25 13:00:00,2026-08-25 13:00:00
Luke,Myer,2026-08-25 13:00:00,2026-08-25 13:00:00
James,Naish,2026-08-25 13:00:00,2026-08-25 13:00:00
Connor,Naismith,2026-08-25 13:00:00,2026-08-25 13:00:00
Lisa,Nandy,2026-08-25 13:00:00,2026-08-25 13:00:00
Kanishka,Narayan,2026-08-25 13:00:00,2026-08-25 13:00:00
Pamela,Nash,2026-08-25 13:00:00,2026-08-25 13:00:00
Josh,Newbury,2026-08-25 13:00:00,2026-08-25 13:00:00
Samantha,Niblett,2026-08-25 13:00:00,2026-08-25 13:00:00
Charlotte,Nichols,2026-08-25 13:00:00,2026-08-25 13:00:00
Caroline,Nokes,2026-08-25 13:00:00,2026-08-25 13:00:00
Jesse,Norman,2026-08-25 13:00:00,2026-08-25 13:00:00
Alex,Norris,2026-08-25 13:00:00,2026-08-25 13:00:00
Dan,Norris,2026-08-25 13:00:00,2026-08-25 13:00:00
Neil,O'Brien,2026-08-25 13:00:00,2026-08-25 13:00:00
Brendan,O'Hara,2026-08-25 13:00:00,2026-08-25 13:00:00
Ben,Obese-Jecty,2026-08-25 13:00:00,2026-08-25 13:00:00
Sarah,Olney,2026-08-25 13:00:00,2026-08-25 13:00:00
Melanie,Onn,2026-08-25 13:00:00,2026-08-25 13:00:00
Chi,Onwurah,2026-08-25 13:00:00,2026-08-25 13:00:00
Simon,Opher,2026-08-25 13:00:00,2026-08-25 13:00:00
Abena,Oppong-Asare,2026-08-25 13:00:00,2026-08-25 13:00:00
Kate,Osamor,2026-08-25 13:00:00,2026-08-25 13:00:00
Kate,Osborne,2026-08-25 13:00:00,2026-08-25 13:00:00
Tristan,Osborne,2026-08-25 13:00:00,2026-08-25 13:00:00
Taiwo,Owatemi,2026-08-25 13:00:00,2026-08-25 13:00:00
Sarah,Owen,2026-08-25 13:00:00,2026-08-25 13:00:00
Darren,Paffey,2026-08-25 13:00:00,2026-08-25 13:00:00
Andrew,Pakes,2026-08-25 13:00:00,2026-08-25 13:00:00
Priti,Patel,2026-08-25 13:00:00,2026-08-25 13:00:00
Matthew,Patrick,2026-08-25 13:00:00,2026-08-25 13:00:00
Rebecca,Paul,2026-08-25 13:00:00,2026-08-25 13:00:00
Michael,Payne,2026-08-25 13:00:00,2026-08-25 13:00:00
Stephanie,Peacock,2026-08-25 13:00:00,2026-08-25 13:00:00
Jonathan,Pearce,2026-08-25 13:00:00,2026-08-25 13:00:00
Matthew,Pennycook,2026-08-25 13:00:00,2026-08-25 13:00:00
Toby,Perkins,2026-08-25 13:00:00,2026-08-25 13:00:00
Manuela,Perteghella,2026-08-25 13:00:00,2026-08-25 13:00:00
Jess,Phillips,2026-08-25 13:00:00,2026-08-25 13:00:00
Bridget,Phillipson,2026-08-25 13:00:00,2026-08-25 13:00:00
Chris,Philp,2026-08-25 13:00:00,2026-08-25 13:00:00
Al,Pinkerton,2026-08-25 13:00:00,2026-08-25 13:00:00
David,Pinto-Duschinsky,2026-08-25 13:00:00,2026-08-25 13:00:00
Lee,Pitcher,2026-08-25 13:00:00,2026-08-25 13:00:00
Jo,Platt,2026-08-25 13:00:00,2026-08-25 13:00:00
Sarah,Pochin,2026-08-25 13:00:00,2026-08-25 13:00:00
Luke,Pollard,2026-08-25 13:00:00,2026-08-25 13:00:00
Joe,Powell,2026-08-25 13:00:00,2026-08-25 13:00:00
Lucy,Powell,2026-08-25 13:00:00,2026-08-25 13:00:00
Gregor,Poynton,2026-08-25 13:00:00,2026-08-25 13:00:00
Peter,Prinsley,2026-08-25 13:00:00,2026-08-25 13:00:00
Mark,Pritchard,2026-08-25 13:00:00,2026-08-25 13:00:00
Richard,Quigley,2026-08-25 13:00:00,2026-08-25 13:00:00
Yasmin,Qureshi,2026-08-25 13:00:00,2026-08-25 13:00:00
Steve,Race,2026-08-25 13:00:00,2026-08-25 13:00:00
Shivani,Raja,2026-08-25 13:00:00,2026-08-25 13:00:00
Adrian,Ramsay,2026-08-25 13:00:00,2026-08-25 13:00:00
Connor,Rand,2026-08-25 13:00:00,2026-08-25 13:00:00
Andrew,Ranger,2026-08-25 13:00:00,2026-08-25 13:00:00
Jack,Rankin,2026-08-25 13:00:00,2026-08-25 13:00:00
Angela,Rayner,2026-08-25 13:00:00,2026-08-25 13:00:00
Mike,Reader,2026-08-25 13:00:00,2026-08-25 13:00:00
David,Reed,2026-08-25 13:00:00,2026-08-25 13:00:00
Steve,Reed,2026-08-25 13:00:00,2026-08-25 13:00:00
Ellie,Reeves,2026-08-25 13:00:00,2026-08-25 13:00:00
Rachel,Reeves,2026-08-25 13:00:00,2026-08-25 13:00:00
Joani,Reid,2026-08-25 13:00:00,2026-08-25 13:00:00
Emma,Reynolds,2026-08-25 13:00:00,2026-08-25 13:00:00
Jonathan,Reynolds,2026-08-25 13:00:00,2026-08-25 13:00:00
Joshua,Reynolds,2026-08-25 13:00:00,2026-08-25 13:00:00
Martin,Rhodes,2026-08-25 13:00:00,2026-08-25 13:00:00
Bell,Ribeiro-Addy,2026-08-25 13:00:00,2026-08-25 13:00:00
Jake,Richards,2026-08-25 13:00:00,2026-08-25 13:00:00
Jenny,Riddell-Carpenter,2026-08-25 13:00:00,2026-08-25 13:00:00
Lucy,Rigby,2026-08-25 13:00:00,2026-08-25 13:00:00
Marie,Rimmer,2026-08-25 13:00:00,2026-08-25 13:00:00
Dave,Robertson,2026-08-25 13:00:00,2026-08-25 13:00:00
Joe,Robertson,2026-08-25 13:00:00,2026-08-25 13:00:00
Gavin,Robinson,2026-08-25 13:00:00,2026-08-25 13:00:00
Tim,Roca,2026-08-25 13:00:00,2026-08-25 13:00:00
Matt,Rodda,2026-08-25 13:00:00,2026-08-25 13:00:00
Ian,Roome,2026-08-25 13:00:00,2026-08-25 13:00:00
Andrew,Rosindell,2026-08-25 13:00:00,2026-08-25 13:00:00
Sam,Rushworth,2026-08-25 13:00:00,2026-08-25 13:00:00
Sarah,Russell,2026-08-25 13:00:00,2026-08-25 13:00:00
Tom,Rutland,2026-08-25 13:00:00,2026-08-25 13:00:00
Oliver,Ryan,2026-08-25 13:00:00,2026-08-25 13:00:00
Anna,Sabine,2026-08-25 13:00:00,2026-08-25 13:00:00
Sarah,Sackman,2026-08-25 13:00:00,2026-08-25 13:00:00
Jeevun,Sandher,2026-08-25 13:00:00,2026-08-25 13:00:00
Roz,Savage,2026-08-25 13:00:00,2026-08-25 13:00:00
Liz,Saville-Roberts,2026-08-25 13:00:00,2026-08-25 13:00:00
Michelle,Scrogham,2026-08-25 13:00:00,2026-08-25 13:00:00
Mark,Sewards,2026-08-25 13:00:00,2026-08-25 13:00:00
Naseem,Shah,2026-08-25 13:00:00,2026-08-25 13:00:00
Baggy,Shanker,2026-08-25 13:00:00,2026-08-25 13:00:00
Michael,Shanks,2026-08-25 13:00:00,2026-08-25 13:00:00
Jim,Shannon,2026-08-25 13:00:00,2026-08-25 13:00:00
Neil,Shastri-Hurst,2026-08-25 13:00:00,2026-08-25 13:00:00
Alec,Shelbrooke,2026-08-25 13:00:00,2026-08-25 13:00:00
Tulip,Siddiq,2026-08-25 13:00:00,2026-08-25 13:00:00
David,Simmonds,2026-08-25 13:00:00,2026-08-25 13:00:00
Vikki,Slade,2026-08-25 13:00:00,2026-08-25 13:00:00
Andrew,Slaughter,2026-08-25 13:00:00,2026-08-25 13:00:00
John,Slinger,2026-08-25 13:00:00,2026-08-25 13:00:00
Lisa,Smart,2026-08-25 13:00:00,2026-08-25 13:00:00
Cat,Smith,2026-08-25 13:00:00,2026-08-25 13:00:00
David,Smith,2026-08-25 13:00:00,2026-08-25 13:00:00
Greg,Smith,2026-08-25 13:00:00,2026-08-25 13:00:00
Jeff,Smith,2026-08-25 13:00:00,2026-08-25 13:00:00
Julian,Smith,2026-08-25 13:00:00,2026-08-25 13:00:00
Nick,Smith,2026-08-25 13:00:00,2026-08-25 13:00:00
Rebecca,Smith,2026-08-25 13:00:00,2026-08-25 13:00:00
Sarah,Smith,2026-08-25 13:00:00,2026-08-25 13:00:00
Karin,Smyth,2026-08-25 13:00:00,2026-08-25 13:00:00
Gareth,Snell,2026-08-25 13:00:00,2026-08-25 13:00:00
Andrew,Snowden,2026-08-25 13:00:00,2026-08-25 13:00:00
Alex,Sobel,2026-08-25 13:00:00,2026-08-25 13:00:00
Ian,Sollom,2026-08-25 13:00:00,2026-08-25 13:00:00
Ben,Spencer,2026-08-25 13:00:00,2026-08-25 13:00:00
Hannah,Spencer,2026-08-25 13:00:00,2026-08-25 13:00:00
Patrick,Spencer,2026-08-25 13:00:00,2026-08-25 13:00:00
Gregory,Stafford,2026-08-25 13:00:00,2026-08-25 13:00:00
Euan,Stainbank,2026-08-25 13:00:00,2026-08-25 13:00:00
Keir,Starmer,2026-08-25 13:00:00,2026-08-25 13:00:00
Blake,Stephenson,2026-08-25 13:00:00,2026-08-25 13:00:00
Jo,Stevens,2026-08-25 13:00:00,2026-08-25 13:00:00
Kenneth,Stevenson,2026-08-25 13:00:00,2026-08-25 13:00:00
Elaine,Stewart,2026-08-25 13:00:00,2026-08-25 13:00:00
Jamie,Stone,2026-08-25 13:00:00,2026-08-25 13:00:00
Will,Stone,2026-08-25 13:00:00,2026-08-25 13:00:00
Alistair,Strathern,2026-08-25 13:00:00,2026-08-25 13:00:00
Wes,Streeting,2026-08-25 13:00:00,2026-08-25 13:00:00
Alan,Strickland,2026-08-25 13:00:00,2026-08-25 13:00:00
Mel,Stride,2026-08-25 13:00:00,2026-08-25 13:00:00
Graham,Stringer,2026-08-25 13:00:00,2026-08-25 13:00:00
Graham,Stuart,2026-08-25 13:00:00,2026-08-25 13:00:00
Kirsteen,Sullivan,2026-08-25 13:00:00,2026-08-25 13:00:00
Lauren,Sullivan,2026-08-25 13:00:00,2026-08-25 13:00:00
Zarah,Sultana,2026-08-25 13:00:00,2026-08-25 13:00:00
Rishi,Sunak,2026-08-25 13:00:00,2026-08-25 13:00:00
Peter,Swallow,2026-08-25 13:00:00,2026-08-25 13:00:00
Robin,Swann,2026-08-25 13:00:00,2026-08-25 13:00:00
Desmond,Swayne,2026-08-25 13:00:00,2026-08-25 13:00:00
Mark,Tami,2026-08-25 13:00:00,2026-08-25 13:00:00
Mike,Tapp,2026-08-25 13:00:00,2026-08-25 13:00:00
Alison,Taylor,2026-08-25 13:00:00,2026-08-25 13:00:00
David,Taylor,2026-08-25 13:00:00,2026-08-25 13:00:00
Luke,Taylor,2026-08-25 13:00:00,2026-08-25 13:00:00
Rachel,Taylor,2026-08-25 13:00:00,2026-08-25 13:00:00
Bradley,Thomas,2026-08-25 13:00:00,2026-08-25 13:00:00
Cameron,Thomas,2026-08-25 13:00:00,2026-08-25 13:00:00
Fred,Thomas,2026-08-25 13:00:00,2026-08-25 13:00:00
Gareth,Thomas,2026-08-25 13:00:00,2026-08-25 13:00:00
Nick,Thomas-Symonds,2026-08-25 13:00:00,2026-08-25 13:00:00
Adam,Thompson,2026-08-25 13:00:00,2026-08-25 13:00:00
Emily,Thornberry,2026-08-25 13:00:00,2026-08-25 13:00:00
Richard,Tice,2026-08-25 13:00:00,2026-08-25 13:00:00
Marie,Tidball,2026-08-25 13:00:00,2026-08-25 13:00:00
Stephen,Timms,2026-08-25 13:00:00,2026-08-25 13:00:00
Nick,Timothy,2026-08-25 13:00:00,2026-08-25 13:00:00
Jessica,Toale,2026-08-25 13:00:00,2026-08-25 13:00:00
Dan,Tomlinson,2026-08-25 13:00:00,2026-08-25 13:00:00
Jon,Trickett,2026-08-25 13:00:00,2026-08-25 13:00:00
Laura,Trott,2026-08-25 13:00:00,2026-08-25 13:00:00
Henry,Tufnell,2026-08-25 13:00:00,2026-08-25 13:00:00
Thomas,Tugendhat,2026-08-25 13:00:00,2026-08-25 13:00:00
Anna,Turley,2026-08-25 13:00:00,2026-08-25 13:00:00
Matt,Turmaine,2026-08-25 13:00:00,2026-08-25 13:00:00
Karl,Turner,2026-08-25 13:00:00,2026-08-25 13:00:00
Laurence,Turner,2026-08-25 13:00:00,2026-08-25 13:00:00
Derek,Twigg,2026-08-25 13:00:00,2026-08-25 13:00:00
Liz,Twist,2026-08-25 13:00:00,2026-08-25 13:00:00
Harpreet,Uppal,2026-08-25 13:00:00,2026-08-25 13:00:00
Freddie,Van Mierlo,2026-08-25 13:00:00,2026-08-25 13:00:00
Tony,Vaughan,2026-08-25 13:00:00,2026-08-25 13:00:00
Valerie,Vaz,2026-08-25 13:00:00,2026-08-25 13:00:00
Martin,Vickers,2026-08-25 13:00:00,2026-08-25 13:00:00
Matt,Vickers,2026-08-25 13:00:00,2026-08-25 13:00:00
Christopher,Vince,2026-08-25 13:00:00,2026-08-25 13:00:00
Caroline,Voaden,2026-08-25 13:00:00,2026-08-25 13:00:00
Christian,Wakeford,2026-08-25 13:00:00,2026-08-25 13:00:00
Imogen,Walker,2026-08-25 13:00:00,2026-08-25 13:00:00
Chris,Ward,2026-08-25 13:00:00,2026-08-25 13:00:00
Melanie,Ward,2026-08-25 13:00:00,2026-08-25 13:00:00
Paul,Waugh,2026-08-25 13:00:00,2026-08-25 13:00:00
Chris,Webb,2026-08-25 13:00:00,2026-08-25 13:00:00
Michelle,Welsh,2026-08-25 13:00:00,2026-08-25 13:00:00
Catherine,West,2026-08-25 13:00:00,2026-08-25 13:00:00
Andrew,Western,2026-08-25 13:00:00,2026-08-25 13:00:00
Matt,Western,2026-08-25 13:00:00,2026-08-25 13:00:00
Helen,Whately,2026-08-25 13:00:00,2026-08-25 13:00:00
Michael,Wheeler,2026-08-25 13:00:00,2026-08-25 13:00:00
John,Whitby,2026-08-25 13:00:00,2026-08-25 13:00:00
Jo,White,2026-08-25 13:00:00,2026-08-25 13:00:00
Katie,White,2026-08-25 13:00:00,2026-08-25 13:00:00
John,Whittingdale,2026-08-25 13:00:00,2026-08-25 13:00:00
Nadia,Whittome,2026-08-25 13:00:00,2026-08-25 13:00:00
James,Wild,2026-08-25 13:00:00,2026-08-25 13:00:00
Max,Wilkinson,2026-08-25 13:00:00,2026-08-25 13:00:00
David,Williams,2026-08-25 13:00:00,2026-08-25 13:00:00
Gavin,Williamson,2026-08-25 13:00:00,2026-08-25 13:00:00
Munira,Wilson,2026-08-25 13:00:00,2026-08-25 13:00:00
Sammy,Wilson,2026-08-25 13:00:00,2026-08-25 13:00:00
Pete,Wishart,2026-08-25 13:00:00,2026-08-25 13:00:00
Steve,Witherden,2026-08-25 13:00:00,2026-08-25 13:00:00
Mike,Wood,2026-08-25 13:00:00,2026-08-25 13:00:00
Sean,Woodcock,2026-08-25 13:00:00,2026-08-25 13:00:00
Jeremy,Wright,2026-08-25 13:00:00,2026-08-25 13:00:00
Rosie,Wrighting,2026-08-25 13:00:00,2026-08-25 13:00:00
Martin,Wrigley,2026-08-25 13:00:00,2026-08-25 13:00:00
Yuan,Yang,2026-08-25 13:00:00,2026-08-25 13:00:00
Mohammad,Yasin,2026-08-25 13:00:00,2026-08-25 13:00:00
Steve,Yemm,2026-08-25 13:00:00,2026-08-25 13:00:00
Claire,Young,2026-08-25 13:00:00,2026-08-25 13:00:00
Daniel,Zeichner,2026-08-25 13:00:00,2026-08-25 13:00:00
